{
    "epoch": [
        1,
        2,
        3,
        4,
        5,
        1,
        2,
        3,
        4,
        5,
        6,
        7,
        8
    ],
    "train_loss": [
        0.0383740753373679,
        0.020577131146017242,
        0.01505564237561296,
        0.013222973032251877,
        0.01141474921913708,
        0.0068485104944556955,
        0.004101141899659791,
        0.00301042782717987,
        0.002421067364733009,
        0.001982874921112157,
        0.0017575788729385857,
        0.0014394693117698327,
        0.001187661728438209
    ],
    "val_loss": [
        0.022553044341264233,
        0.01692993262962949,
        0.014093626350645096,
        0.012578624991639968,
        0.011638742931667835,
        0.006399163600778387,
        0.005163235747585854,
        0.0046551648241978496,
        0.0046119645928903935,
        0.004357085976329061,
        0.004246057048740406,
        0.0039893039276883485,
        0.004051035683181497
    ]
}