{
    "epoch": [
        1,
        2,
        3,
        4,
        5,
        1,
        2,
        3,
        4,
        5,
        6,
        7,
        8,
        9,
        10,
        11,
        12,
        13,
        14
    ],
    "train_loss": [
        0.0383740753373679,
        0.020577131146017242,
        0.01505564237561296,
        0.013222973032251877,
        0.01141474921913708,
        0.0068485104944556955,
        0.004101141899659791,
        0.00301042782717987,
        0.002421067364733009,
        0.001982874921112157,
        0.0017575788729385857,
        0.0014394693117698327,
        0.001187661728438209,
        0.0011540130445021478,
        0.0009858046343330952,
        0.000928795466418652,
        0.0008398715981884914,
        0.0007487067706225549,
        0.0006526448168134426
    ],
    "val_loss": [
        0.022553044341264233,
        0.01692993262962949,
        0.014093626350645096,
        0.012578624991639968,
        0.011638742931667835,
        0.006399163600778387,
        0.005163235747585854,
        0.0046551648241978496,
        0.0046119645928903935,
        0.004357085976329061,
        0.004246057048740406,
        0.0039893039276883485,
        0.004051035683181497,
        0.003976916391102057,
        0.003947730987302719,
        0.003941921554806251,
        0.0040588251638015915,
        0.003876057753880178,
        0.0037999165905339104
    ]
}